Datetime,Water Level (m)
2025-07-14 12:00:00,-0.34055477
2025-07-14 13:00:00,-0.18424545
2025-07-14 14:00:00,0.12253054
2025-07-14 15:00:00,0.49651995
2025-07-14 16:00:00,0.8254244
2025-07-14 17:00:00,1.0136279
2025-07-14 18:00:00,1.009845
2025-07-14 19:00:00,0.8364753
2025-07-14 20:00:00,0.5380474
2025-07-14 21:00:00,0.17218107
2025-07-14 22:00:00,-0.13940428
2025-07-14 23:00:00,-0.3078885
2025-07-15 00:00:00,-0.30259156
2025-07-15 01:00:00,-0.11030398
2025-07-15 02:00:00,0.22402456
2025-07-15 03:00:00,0.6360247
2025-07-15 04:00:00,1.028224
2025-07-15 05:00:00,1.28273
2025-07-15 06:00:00,1.3361509
2025-07-15 07:00:00,1.1923048
2025-07-15 08:00:00,0.888972
2025-07-15 09:00:00,0.47223115
2025-07-15 10:00:00,0.07232213
2025-07-15 11:00:00,-0.23114488
2025-07-15 12:00:00,-0.35356927
2025-07-15 13:00:00,-0.29291567
2025-07-15 14:00:00,-0.066822015
2025-07-15 15:00:00,0.2609709
2025-07-15 16:00:00,0.6306142
2025-07-15 17:00:00,0.9180143
2025-07-15 18:00:00,1.0463114
2025-07-15 19:00:00,0.994728
2025-07-15 20:00:00,0.8049784
2025-07-15 21:00:00,0.4995902
2025-07-15 22:00:00,0.153735
2025-07-15 23:00:00,-0.112428084
2025-07-16 00:00:00,-0.23178278
2025-07-16 01:00:00,-0.18082348
2025-07-16 02:00:00,0.031014211
2025-07-16 03:00:00,0.36393285
2025-07-16 04:00:00,0.7408701
2025-07-16 05:00:00,1.0658932
2025-07-16 06:00:00,1.2364379
2025-07-16 07:00:00,1.2223238
2025-07-16 08:00:00,1.0451859
2025-07-16 09:00:00,0.7217995
2025-07-16 10:00:00,0.3286142
2025-07-16 11:00:00,-0.029149551
2025-07-16 12:00:00,-0.2678958
2025-07-16 13:00:00,-0.33808824
2025-07-16 14:00:00,-0.23340939
2025-07-16 15:00:00,0.017199416
2025-07-16 16:00:00,0.35502517
2025-07-16 17:00:00,0.70897514
2025-07-16 18:00:00,0.97079337
2025-07-16 19:00:00,1.0622485
2025-07-16 20:00:00,0.99724597
2025-07-16 21:00:00,0.7987886
2025-07-16 22:00:00,0.4889618
2025-07-16 23:00:00,0.17614596
2025-07-17 00:00:00,-0.052287586
2025-07-17 01:00:00,-0.13523461
2025-07-17 02:00:00,-0.06754593
2025-07-17 03:00:00,0.14487264
2025-07-17 04:00:00,0.43833473
2025-07-17 05:00:00,0.7581864
2025-07-17 06:00:00,1.0119727
2025-07-17 07:00:00,1.1222252
2025-07-17 08:00:00,1.0663488
2025-07-17 09:00:00,0.8657013
2025-07-17 10:00:00,0.56251675
2025-07-17 11:00:00,0.20866607
2025-07-17 12:00:00,-0.10469563
2025-07-17 13:00:00,-0.30250978
2025-07-17 14:00:00,-0.3413435
2025-07-17 15:00:00,-0.21788229
2025-07-17 16:00:00,0.034494963
2025-07-17 17:00:00,0.3619537
2025-07-17 18:00:00,0.67749983
2025-07-17 19:00:00,0.8933427
2025-07-17 20:00:00,0.9797813
2025-07-17 21:00:00,0.9284336
2025-07-17 22:00:00,0.76203763
2025-07-17 23:00:00,0.50249225
2025-07-18 00:00:00,0.23913668
2025-07-18 01:00:00,0.03303426
2025-07-18 02:00:00,-0.045034926
2025-07-18 03:00:00,0.0093993
2025-07-18 04:00:00,0.18629664
2025-07-18 05:00:00,0.43862548
2025-07-18 06:00:00,0.7161907
2025-07-18 07:00:00,0.9227504
2025-07-18 08:00:00,1.0018479
2025-07-18 09:00:00,0.9397851
2025-07-18 10:00:00,0.7708702
2025-07-18 11:00:00,0.49535957
2025-07-18 12:00:00,0.19328348
2025-07-18 13:00:00,-0.071406335
2025-07-18 14:00:00,-0.22681789
2025-07-18 15:00:00,-0.25398788
2025-07-18 16:00:00,-0.13391076
2025-07-18 17:00:00,0.09456041
2025-07-18 18:00:00,0.39412704
2025-07-18 19:00:00,0.6936951
2025-07-18 20:00:00,0.9107822
2025-07-18 21:00:00,1.0017104
2025-07-18 22:00:00,0.97400725
2025-07-18 23:00:00,0.83429486
2025-07-19 00:00:00,0.61856204
2025-07-19 01:00:00,0.385106
2025-07-19 02:00:00,0.18963684
2025-07-19 03:00:00,0.10416777
2025-07-19 04:00:00,0.12157067
2025-07-19 05:00:00,0.23520356
2025-07-19 06:00:00,0.43565455
2025-07-19 07:00:00,0.6588629
2025-07-19 08:00:00,0.832577
2025-07-19 09:00:00,0.9050017
2025-07-19 10:00:00,0.8675521
2025-07-19 11:00:00,0.7321239
2025-07-19 12:00:00,0.5054376
2025-07-19 13:00:00,0.23218256
2025-07-19 14:00:00,-0.005010752
2025-07-19 15:00:00,-0.15827134
2025-07-19 16:00:00,-0.20098498
2025-07-19 17:00:00,-0.11108251
2025-07-19 18:00:00,0.09341548
2025-07-19 19:00:00,0.375026
2025-07-19 20:00:00,0.6675494
2025-07-19 21:00:00,0.89706486
2025-07-19 22:00:00,1.0275201
2025-07-19 23:00:00,1.0437155
2025-07-20 00:00:00,0.94798917
2025-07-20 01:00:00,0.74920243
2025-07-20 02:00:00,0.51666385
2025-07-20 03:00:00,0.30464342
2025-07-20 04:00:00,0.16498213
2025-07-20 05:00:00,0.12637542
2025-07-20 06:00:00,0.19631991
2025-07-20 07:00:00,0.34583616
2025-07-20 08:00:00,0.5445811
2025-07-20 09:00:00,0.7141367
2025-07-20 10:00:00,0.8224871
2025-07-20 11:00:00,0.8316265
2025-07-20 12:00:00,0.74091613
